31.409,0.95342,10.229,-0.27241
31.439,1.3076,10.842,0.19068
31.469,1.076,10.27,1.9205
31.499,0.65378,8.8532,2.4517
31.529,-0.57205,7.1234,1.9886
31.559,-1.0351,5.7478,2.0703
31.589,0.081722,5.3664,1.5663
31.619,0.76274,5.5571,0.95342
31.649,-0.34051,5.8295,0.8036
31.679,-0.8036,6.0202,1.757
31.709,-0.61292,6.9328,3.1463
31.739,-1.5663,8.7306,3.7865
31.769,-2.9556,10.651,2.5606
31.799,-3.1735,11.073,2.3699
31.829,-1.2258,12.531,3.1735
31.859,0.57205,14.942,2.3699
31.889,1.1441,15.636,0.46309
31.919,0.84446,12.217,-0.76274
31.949,0.081722,10.801,-1.3757
31.979,-0.91256,11.727,-0.99429
32.009,-1.3348,11.496,1.4982
32.039,-0.53119,9.3436,3.9499
32.069,0.040861,6.7012,3.2961
32.099,0.34051,4.3721,1.4574
32.129,0,4.3721,-0.34051
32.159,0.14982,5.1757,-1.1441
32.189,0.8036,5.6252,0.34051
32.219,0.10896,6.0202,2.6423
32.249,1.0351,7.246,2.9829
32.279,2.6832,10.12,1.5663
32.309,3.8682,12.721,1.4574
32.339,3.0237,13.866,3.5958
32.369,0.50395,16.086,3.337
32.399,-1.3076,15.827,2.0703
32.429,-1.4574,12.49,-0.14982
32.459,-0.8036,10.42,-0.57205
32.489,0.27241,10.188,0.23155
32.519,1.185,9.3436,1.4982
32.549,1.2667,7.9679,2.152
32.579,0.76274,6.6604,2.3018
32.609,-0.10896,5.7069,1.9886
32.639,-0.72188,5.3664,1.5663
32.669,-0.29965,5.4345,1.2667
32.699,0.10896,5.6252,0.99429
32.729,-0.50395,5.9793,2.1112
32.759,-1.2258,7.5457,3.2961
32.789,-0.76274,10.038,3.5958
32.819,-1.0351,11.877,2.8739
32.849,-2.1112,11.223,3.1735
32.879,-3.0237,12.64,4.0997
32.909,-1.9477,15.023,3.4459
32.939,0.081722,15.132,1.2667
32.969,1.076,11.795,-0.57205
32.999,1.076,9.4253,-1.3076
33.029,0.46309,9.3027,-1.1169
33.059,-0.69464,10.188,0.53119
33.089,-1.5255,8.9622,2.833
33.119,-1.7298,7.3958,3.1054
33.149,-0.72188,5.5571,1.4574
33.179,0.53119,4.6309,-0.27241
33.209,0.50395,5.7069,-0.84446
33.239,-0.46309,7.0145,0.23155
33.269,0.10896,7.8589,2.2201
33.299,0.42223,8.431,3.337
33.329,0.46309,9.8066,1.9205
33.359,1.4982,11.414,0.99429
33.389,3.3778,11.918,2.261
33.419,4.018,11.877,4.2087
33.449,2.5334,13.484,4.018
33.479,-0.10896,14.097,2.3018
33.509,-1.8796,13.144,-0.23155
33.539,-1.7298,10.038,-1.4574
33.569,-0.50395,8.6625,-0.99429
33.599,0.53119,9.0848,-0.76274
33.629,1.3076,8.5808,0.19068
33.719,1.185,7.1643,2.4517
33.749,0.42223,6.9736,1.9205
33.779,-0.57205,7.6274,1.5663
33.809,-0.65378,7.9679,1.185
33.847,0.23155,7.6683,1.185
33.879,-0.10896,7.1234,2.4108
33.909,-0.95342,6.9736,2.9556
33.939,-0.95342,7.3141,2.833
33.969,-0.88532,8.9213,2.0703
33.999,-2.261,11.182,2.152
34.029,-3.1735,14.71,2.833
34.06,-2.3699,16.93,2.1793
34.089,-0.46309,13.906,-0.29965
34.219,0.84446,11.373,1.9886
34.249,1.1169,12.49,1.5663
34.301,0.53119,12.34,3.1735
34.339,-0.65378,14.942,2.4108
34.369,-1.4982,13.212,0.040861
34.409,-1.3076,11.795,-2.1384
34.439,-0.46309,10.692,-1.8796
34.469,-0.23155,9.112,-0.19068
34.499,-0.57205,8.0496,0.99429
34.529,-1.2258,6.9736,1.6889
34.559,-1.3757,5.7069,1.8387
34.591,-0.23155,4.7535,1.3348
34.629,0.57205,5.0531,0.38137
34.669,0.57205,6.0202,0.61292
34.701,1.9205,6.6604,2.2201
34.739,3.5958,8.3493,3.5685
34.769,4.0589,10.801,2.8739
34.799,2.4108,11.305,1.9205
34.829,0.040861,11.073,2.7241
34.859,-1.5255,12.98,3.1463
34.889,-0.91256,15.05,2.6015
34.919,0.53119,15.241,0.42223
34.949,1.9886,12.572,-1.2667
34.979,1.185,10.338,-1.7979
35.009,0.92618,9.8475,-1.1441
35.039,0.14982,9.7658,0.72188
35.069,-0.50395,8.1586,2.3018
35.099,-0.10896,6.4016,2.3018
35.129,0.31327,4.522,1.2258
35.159,-0.50395,4.1814,-0.14982
35.189,-0.23155,4.985,-0.50395
35.219,0.57205,5.9793,0.65378
35.249,0,7.3958,2.1793
35.279,-1.2667,9.3436,2.6423
35.309,-1.8796,11.496,1.8796
35.339,-1.3076,12.599,1.4165
35.369,0.14982,12.177,2.5606
35.399,1.2667,13.947,3.4459
35.429,1.6072,15.214,1.8387
35.459,0.8036,13.593,0.10896
35.489,-0.29965,12.027,-1.9477
35.519,-1.2258,10.951,-2.6423
35.549,-1.2667,9.9565,-1.3757
35.579,-0.99429,8.5808,0.34051
35.609,-0.50395,7.5457,1.4165
35.639,0,6.3607,2.0703
35.669,-0.29965,4.9442,1.757
35.699,-0.38137,4.3994,0.72188
35.729,0.65378,5.8295,0.23155
35.759,0.76274,6.5105,0.72188
35.789,0.8036,6.5922,2.1112
35.819,2.3018,7.8181,3.1735
35.849,4.0997,9.9565,3.1463
35.879,4.2495,11.373,2.4108
35.909,1.9886,11.264,2.7649
35.939,-0.50395,11.986,3.5277
35.969,-1.5663,13.797,3.3778
36,-1.1441,14.982,1.7979
36.029,0.10896,13.334,-1.0351
36.06,1.4165,10.951,-2.2201
36.089,1.757,9.9156,-1.757
36.23,1.3348,12.149,2.3699
36.259,0.69464,13.062,3.8273
36.289,0.040861,15.663,1.9886
36.319,-0.081722,15.132,-0.84446
36.349,0.72188,12.98,-1.3348
36.379,1.0351,11.141,-1.4574
36.409,0.42223,9.6568,-0.69464
36.439,1.0351,8.9622,0.72188
36.469,0.99429,8.1586,0.99429
36.499,0.081722,6.7012,0.8036
36.529,0.38137,5.2166,0.92618
36.559,0.50395,4.4402,0.95342
36.589,0.61292,4.5628,0.84446
36.62,0.53119,5.3664,0.8036
36.649,0.31327,6.4424,1.6072
36.679,0.10896,7.927,2.3699
36.709,-0.040861,10.924,2.9148
36.739,-0.040861,12.177,3.2961
36.769,-0.10896,11.264,3.1054
36.799,-0.040861,11.836,2.8739
36.829,0.19068,13.866,2.6423
36.859,0.50395,15.173,1.4574
36.889,0.34051,13.866,-0.95342
36.919,0.10896,11.264,-1.7298
36.949,0.040861,9.9565,-1.1441
36.979,0.14982,9.6568,0.88532
37.009,0.31327,8.431,3.0646
37.039,0.34051,6.3607,2.5334
37.069,0.23155,4.3721,0.38137
37.099,0.10896,4.0589,-0.88532
37.129,0.040861,5.094,0.081722
37.159,-1.185,6.2381,2.152
37.189,-1.076,7.3141,3.4868
37.219,0,8.9622,2.2201
37.249,0.081722,10.229,1.1169
37.287,0.040861,11.264,2.1793
37.319,0.040861,12.108,2.833
37.349,0.10896,13.988,2.5334
37.379,0.10896,15.663,1.2667
37.409,0.081722,14.438,-0.42223
37.439,-0.42223,12.912,-2.1112
37.469,-0.8036,11.727,-1.6072
37.499,-0.34051,9.507,0.19068
37.529,0.42223,8.4719,1.1441
37.559,0.040861,7.5048,1.0351
37.589,-1.4165,5.8976,1.1169
37.619,-1.3757,4.6718,0.88532
37.649,-0.23155,4.1406,0.57205
37.679,0.92618,4.0589,0.46309
37.709,1.8387,4.8625,0.84446
37.739,1.4982,6.5514,2.3699
37.769,0.72188,9.0848,3.5277
37.799,-0.46309,11.373,3.4051
37.829,-0.50395,11.877,2.6015
37.859,0.50395,11.414,2.6423
37.889,0.23155,13.212,3.1735
37.919,-0.57205,15.854,2.3018
37.949,-0.42223,15.554,0.081722
37.979,-0.69464,12.449,-1.3757
38.009,-1.7979,9.8066,-0.99429
38.039,-2.6832,8.6898,-0.19068
38.069,-2.6832,8.8532,1.185
38.099,-0.19068,7.8181,2.3018
38.13,2.0703,6.0202,1.3348
38.159,1.9205,4.985,-0.65378
38.19,0.46309,4.985,-0.84446
38.219,-0.65378,5.5571,0.46309
38.529,0,5.4073,-0.91256
38.559,-1.3757,6.4016,0.92618
38.589,-1.757,7.6274,3.1463
38.619,-0.69464,9.4661,3.1463
39.715,0.34051,11.754,1.4165
39.759,-0.72188,11.605,2.8739
39.789,0.19068,11.536,2.9829
39.839,-1.5663,14.819,3.2144
39.869,-1.3076,14.982,0.99429
39.911,-1.1169,11.877,-1.7979
39.949,-2.6832,10.924,-2.4517
39.979,-3.0646,10.842,-0.14982
40.019,-0.76274,8.8941,2.5334
40.049,1.9477,5.8567,2.3427
40.079,2.3699,3.7184,0.65378
40.109,1.2258,3.6366,-0.76274
40.139,-0.53119,4.8216,-0.42223
40.169,-1.757,5.7478,1.2258
40.199,-2.1793,6.7829,2.8739
40.229,-0.76274,8.6898,2.833
40.259,-0.10896,11.754,1.4165
40.299,0.081722,13.062,1.757
40.339,-0.081722,12.79,3.7184
40.369,0.10896,15.595,2.3427
40.399,0.10896,14.369,-0.42223
40.439,1.185,12.681,-2.4517
40.479,3.909,11.264,-2.0703
40.511,3.9499,9.5751,0.23155
40.539,1.4574,8.1177,1.4574
40.579,-1.185,6.6331,1.9205
40.609,-1.9477,4.6037,1.7979
40.639,-0.72188,4.2495,0.88532
40.669,0.46309,5.4073,0.31327
40.699,0.76274,5.9385,0.88532
40.729,0.99429,6.4016,2.1793
40.759,0.72188,7.8862,2.9829
40.789,-0.57205,9.8475,2.9829
40.819,-1.8796,10.992,2.2201
40.849,-0.72188,10.951,2.1112
40.879,0.31327,12.217,2.9556
40.909,-0.57205,14.71,3.0646
40.939,-1.076,16.045,0.88532
40.969,-1.0351,14.41,-1.9886
41.009,-2.9829,11.836,-2.1793
41.039,-4.5901,10.842,-0.081722
41.069,-3.1735,9.7249,2.1793
41.099,0.19068,7.0826,2.1793
41.129,1.7298,4.522,0.50395
41.159,1.4982,3.3778,-0.84446
41.189,0.14982,3.5958,-0.84446
41.219,-1.076,4.1814,0.23155
41.257,-1.9205,5.3256,1.7298
41.289,-1.6072,7.1643,2.2201
41.319,-0.95342,9.2755,2.3018
41.349,-0.72188,11.877,2.1793
41.379,-0.57205,13.484,1.9886
41.409,-1.2258,12.83,2.6423
41.439,-0.88532,13.988,3.3778
41.469,-0.50395,14.792,1.6072
41.499,-0.50395,13.634,-1.2667
41.529,1.0351,12.258,-3.3642
41.559,3.6366,11.346,-2.2201
41.589,4.0997,10.529,0
41.62,2.1112,9.2346,1.3757
41.649,-1.0351,7.7772,1.3076
41.679,-3.2961,6.17,0.95342
41.709,-2.7922,4.8625,0.92618
41.739,-0.69464,4.2495,0.8036
41.769,0.92618,4.522,0.88532
41.799,1.6072,5.2847,1.3076
41.829,1.2258,6.6331,2.0294
41.859,0.19068,8.431,2.4517
41.889,-0.88532,10.079,2.7922
41.919,-1.0351,11.496,2.8739
41.949,0.040861,11.918,2.6832
41.98,0.50395,12.762,3.1054
42.009,-1.0351,14.56,3.1054
42.039,-1.185,15.023,1.4165
42.069,-0.46309,13.253,-1.3757
42.099,-1.3757,10.733,-2.0703
42.129,-2.7241,10.079,-1.4982
42.159,-3.3642,10.188,0.27241
42.189,-1.2667,8.8124,2.0703
42.219,0.95342,6.851,2.1112
42.249,1.9886,4.4402,0.72188
42.279,1.8387,3.4459,-0.50395
42.309,0,4.2495,-0.29965
42.339,-1.8796,5.3664,1.076
42.369,-2.4517,7.1234,2.4517
42.399,-1.757,9.1529,2.3699
42.429,-0.72188,10.883,1.5391
42.459,0.040861,11.986,1.3757
42.489,0.081722,12.149,2.0294
42.519,0.081722,13.293,2.6832
42.549,0.081722,15.514,2.1793
42.579,0.040861,15.214,0.19068
42.609,1.5663,12.572,-1.6889
42.639,2.9148,11.414,-2.1112
42.669,3.4459,9.9973,-0.99429
42.699,3.0646,8.1586,0.42223
42.729,1.757,7.5048,0.95342
42.759,-0.040861,6.8238,1.076
42.789,-1.3757,5.7478,1.2258
42.819,-1.3076,4.8625,1.2258
42.849,-0.081722,4.7944,0.99429
42.879,1.1169,5.4073,1.076
42.909,2.0294,5.9793,1.9205
42.939,1.6481,7.355,2.3018
42.969,0.19068,9.2346,2.4925
42.999,-1.076,10.992,3.0646
43.029,-0.72188,11.795,2.833
43.059,0.50395,11.836,2.9829
43.089,0.50395,13.334,2.9829
43.119,-0.84446,15.514,2.3427
43.2,-1.2667,15.514,0.23155
43.239,-0.95342,6.5105,0.99429
43.269,-1.2667,8.5808,1.5391
43.299,-0.72188,9.8066,1.757
43.329,-0.081722,11.182,1.8387
43.359,-0.14982,12.64,1.8387
43.389,-0.081722,13.062,2.6832
43.419,0.31327,14.819,2.9556
43.449,0.23155,15.745,1.1169
43.479,0.65378,14.438,-0.69464
43.509,1.8796,12.79,-2.7513
43.539,3.5277,10.76,-3.7184
43.569,4.4811,8.8124,-2.0294
43.599,3.7592,7.7772,-0.46309
43.629,1.6072,7.0553,1.3076
43.659,-0.69464,6.0202,2.9148
43.689,-2.1112,4.7535,2.5606
43.719,-1.2667,4.1814,1.2667
43.749,0.31327,4.1814,0.10896
43.782,1.8387,5.0531,-0.081722
43.819,2.1112,7.246,0.95342
43.849,1.4982,9.6977,2.4108
43.879,0.23155,11.959,3.5685
43.909,-0.76274,12.871,3.909
43.939,0.57205,11.986,3.4051
43.969,0.92618,12.572,3.0237
43.999,0.46309,13.212,1.5391
44.029,0.50395,13.334,-0.8036
44.059,-0.76274,12.068,-2.0703
44.089,-1.9886,10.733,-2.4517
44.119,-3.0646,11.686,-1.9886
44.149,-2.4925,11.114,0.84446
44.179,0.88532,8.9622,2.9556
44.209,2.8739,5.6252,2.833
44.239,2.9148,3.2144,1.6072
44.269,0.88532,3.1735,0.14982
44.299,-0.72188,4.0589,-0.8036
44.329,-1.6072,5.7478,-0.19068
44.359,-0.99429,7.5457,1.4574
44.389,-0.10896,9.5751,2.1793
44.419,-0.61292,12.068,1.8387
44.449,-1.2667,12.871,1.757
44.479,-0.38137,13.062,2.9829
44.509,0.69464,15.091,2.4517
44.539,0.34051,15.663,-0.14982
44.569,1.1441,14.138,-2.3699
44.599,2.833,12.599,-2.4108
44.639,3.7592,9.8475,-1.7298
44.669,3.2961,7.7772,-0.46309
44.699,1.7298,7.5865,0.38137
44.729,0.31327,6.7012,1.0351
44.759,-0.61292,5.3256,1.3757
44.789,-0.8036,4.2904,1.1441
44.819,0.10896,4.2087,0.76274
44.849,1.4165,5.0531,0.50395
44.879,2.152,6.4016,0.76274
44.909,1.6889,8.2812,1.5391
44.939,1.0351,10.079,2.1793
44.969,0.31327,11.455,2.9148
44.999,0.53119,11.496,3.2961
45.029,1.3076,11.414,3.2553
45.059,0.99429,12.531,2.3699
45.089,0.23155,14.369,1.3757
45.119,0.040861,15.745,0.42223
45.149,-0.42223,13.062,-1.076
45.179,-1.3348,10.188,-1.8796
45.209,-2.3699,9.507,-0.99429
45.239,-2.833,9.1529,1.5391
45.269,-0.61292,7.6683,3.2961
45.3,2.4517,5.6252,2.5606
45.329,2.5334,3.3778,0.19068
45.359,0.38137,4.1406,-1.3076
45.389,-0.84446,5.8976,-0.040861
45.419,-1.2258,7.1643,2.9556
45.449,-1.0351,8.1995,3.4051
45.479,-0.57205,9.5342,1.185
45.509,0,10.501,0.72188
45.539,0.081722,11.305,2.152
45.569,-0.23155,12.49,3.5277
45.599,0.040861,15.091,2.833
45.629,0.65378,15.473,0.88532
45.659,1.8796,13.757,-1.3076
45.689,3.1735,12.34,-2.1384
45.719,4.2904,10.951,-0.88532
45.749,4.2495,9.1937,0.14982
45.779,2.3018,8.2812,0.69464
45.809,0.040861,7.355,0.95342
45.839,-1.4982,5.8976,1.2258
45.869,-1.6072,4.5628,1.4165
45.899,-0.76274,4.018,1.4982
45.929,0.69464,4.7126,1.3348
45.959,2.3699,6.0474,1.2258
45.989,2.9148,7.246,1.8796
46.019,1.6889,8.8941,2.6015
46.049,0,9.9156,2.9148
46.079,-0.42223,10.311,3.2961
46.109,0.46309,10.61,3.337
46.139,0.95342,11.182,3.3778
46.169,0.19068,13.253,2.6832
46.199,0,15.282,1.9205
46.229,0.42223,14.628,0.46309
46.259,-0.65378,12.027,-1.2667
46.289,-2.0294,10.42,-1.185
46.319,-2.8739,9.507,0.34051
46.349,-2.1793,8.8124,2.0294
46.379,0.50395,7.5457,2.1793
46.409,2.2201,5.9793,0.99429
46.439,1.5663,4.9442,-0.040861
46.469,0.10896,5.0123,-0.46309
46.499,-1.0351,5.5571,0.34051
46.529,-1.4982,6.279,2.6015
46.559,-0.91256,7.0826,3.337
46.589,-0.34051,8.3901,1.9886
46.619,-0.040861,9.9156,1.6072
46.649,0.10896,11.373,1.9205
46.679,-0.38137,12.177,2.4925
46.709,-0.34051,13.184,3.5685
46.739,0.46309,15.636,2.6015
46.769,0.38137,14.86,0.72188
46.799,1.185,12.027,-1.2667
46.829,2.9148,11.114,-2.3699
46.859,4.1406,10.692,-0.88532
46.889,3.4459,9.3436,0.8036
46.919,1.1441,8.2812,1.3076
46.949,-0.99429,6.851,1.2258
46.979,-2.1112,5.2847,1.3348
47.009,-1.6072,4.2495,1.4165
47.039,-0.10896,4.3721,1.2258
47.069,1.3757,5.5571,0.69464
47.099,2.5334,6.4016,0.92618
47.129,2.3699,7.6274,2.152
47.159,0.8036,9.5751,3.2144
47.189,-0.65378,11.264,3.5958
47.219,-0.72188,11.727,3.2144
47.249,0.42223,11.305,3.1054
47.279,0.61292,12.83,2.9148
47.309,-0.10896,15.091,2.4517
47.339,-0.23155,15.023,0.53119
47.369,-0.34051,11.795,-1.076
47.399,-1.3757,9.8884,-1.8796
47.429,-2.6015,9.4253,-1.1169
47.459,-2.8739,9.3027,1.1441
47.489,-0.61292,8.0769,3.1463
47.519,1.9886,6.2381,2.6832
47.549,2.3018,4.4811,0.65378
47.579,0.50395,4.7944,-0.88532
47.609,-0.65378,5.8567,-0.72188
47.639,-1.3348,7.0826,1.8387
47.669,-0.72188,7.9679,3.7184
47.699,-0.081722,8.8532,2.0703
47.729,-0.040861,9.8475,0.61292
47.759,0,11.305,1.3076
47.789,-0.27241,12.572,3.5277
47.819,0.10896,15.282,3.0237
47.849,0.99429,15.514,-0.081722
47.879,1.7979,13.103,-0.91256
47.909,2.6015,11.877,-1.1169
47.939,3.6366,10.883,-0.88532
47.969,4.1406,9.0439,-0.23155
47.999,2.4108,8.3084,0.34051
48.029,0.040861,7.8589,0.99429
48.059,-1.1441,6.6331,1.6072
48.089,-1.185,5.5571,1.6889
48.119,-0.42223,5.2166,1.4165
48.149,0.42223,5.5162,0.69464
48.179,0.84446,5.8976,-0.040861
48.209,0.95342,6.3607,0.42223
48.24,0.65378,8.0769,1.7298
48.269,0.65378,9.2755,2.7922
48.299,1.4165,9.4253,2.5334
48.329,2.261,10.338,2.4925
48.359,2.7241,12.027,2.7922
48.389,2.0703,14.138,2.6423
48.419,0.65378,14.86,1.8387
48.449,0.040861,13.797,0.34051
48.479,-1.2258,13.184,-1.4982
48.509,-3.337,11.305,-1.7298
48.539,-3.7592,9.3027,-1.076
48.569,-3.1463,9.0848,0.081722
48.599,-0.19068,8.8532,1.3076
48.629,2.261,7.0145,1.3757
48.659,1.3348,5.4073,0.23155
48.689,-0.53119,5.2438,-0.53119
48.719,-1.4982,5.598,0.081722
48.749,-1.6481,5.9793,1.5391
48.779,-0.95342,6.7421,2.1793
48.809,-0.14982,7.8181,1.076
48.839,0.081722,8.9213,0.8036
48.869,0.10896,10.46,2.152
48.899,-0.081722,11.564,2.4108
48.929,-0.46309,11.686,1.9477
48.959,0.27241,12.912,2.1112
48.989,0.53119,15.364,1.2258
49.019,-0.53119,14.478,0.081722
49.049,0.46309,11.959,-1.7298
49.079,1.8796,11.536,-2.7922
49.109,3.337,10.692,-1.2667
49.139,2.6832,9.4661,-0.040861
49.169,0.61292,8.4991,0.61292
49.199,-0.8036,7.0826,0.95342
49.229,-1.2258,5.598,1.1169
49.259,-0.72188,4.6309,0.92618
49.289,0.42223,4.7944,0.65378
49.319,1.6889,5.4345,0.42223
49.35,2.261,6.2109,0.46309
49.379,1.7298,7.4367,1.4982
49.409,0.99429,9.0439,2.4925
49.439,0.61292,10.924,2.7649
49.469,1.2258,11.114,2.2201
49.499,2.1112,10.46,2.4517
49.529,1.7298,12.871,3.2553
49.559,-0.46309,16.086,4.0997
49.589,-1.9477,15.636,0.8036
49.619,-1.2667,12.027,-2.7922
49.649,-1.5255,10.147,-3.1054
49.679,-2.5606,10.038,-1.6889
49.709,-2.7513,10.27,0.84446
49.739,0.040861,8.431,2.8739
49.769,2.4925,5.7478,2.152
49.799,2.1793,3.6366,0
49.829,-0.10896,3.7592,-0.61292
49.859,-1.3076,4.8216,0.61292
49.889,-1.2258,6.3607,1.9477
49.919,-0.8036,8.0769,2.6015
49.949,-0.84446,9.5342,1.4165
49.979,-0.53119,10.76,0.92618
50.009,-0.10896,11.305,2.0294
50.039,-0.57205,11.455,3.3778
50.069,-0.50395,12.871,3.8273
50.099,0.34051,15.432,0.92618
50.129,0.88532,14.288,-0.29965
50.159,2.3699,12.149,-1.185
50.189,4.2495,11.836,-2.4108
50.219,5.5571,10.801,-0.95342
50.249,4.3313,9.112,0.19068
50.279,1.0351,8.3084,0.61292
50.309,-1.2667,7.2052,1.076
50.339,-1.757,5.6252,1.3076
50.369,-0.76274,4.7126,1.0351
50.399,0.61292,4.8625,0.92618
50.429,1.7298,5.2847,0.69464
50.459,2.152,5.598,1.076
50.489,1.757,6.2381,2.152
50.519,1.076,7.8589,2.7241
50.549,-0.10896,9.9973,2.9829
50.579,-0.19068,11.564,2.833
50.609,0.88532,11.986,3.2961
50.639,0.95342,14.329,3.4459
50.669,-0.040861,16.549,2.0703
50.699,-0.23155,14.819,-0.23155
50.729,-0.84446,12.177,-1.3076
50.777,-2.1793,10.46,-1.3348
50.809,-3.0646,9.0439,0.76274
50.839,-0.61292,8.0088,1.9205
50.869,1.9477,6.2381,1.3757
50.899,2.4108,4.8216,0.34051
50.929,0.8036,4.6037,0.14982
50.959,-0.53119,5.0531,0.46309
50.989,-1.4165,5.8976,1.6072
51.019,-1.4982,6.9736,2.9148
51.049,-0.95342,8.6217,2.3427
51.079,-0.53119,10.501,1.4165
51.129,-0.14982,11.114,2.261
51.159,-0.84446,11.032,3.1735
51.189,-0.61292,12.83,4.3721
51.219,0.53119,15.241,2.1793
51.249,0.65378,14.015,-0.040861
51.279,1.1441,12.299,-0.69464
51.309,2.7241,11.223,-1.6481
51.339,4.2904,10.61,-0.95342
51.369,4.3313,9.112,-0.10896
51.399,1.7298,8.0769,0.46309
51.429,-0.99429,7.3958,1.2258
51.459,-1.6072,6.0474,1.757
51.489,-0.8036,4.9442,1.5391
51.519,0.31327,4.7535,1.1169
51.552,1.4165,5.4073,0.92618
51.589,2.1793,6.5105,1.1441
51.619,1.5663,7.927,1.9886
51.649,0.61292,9.112,2.6423
51.679,-0.46309,10.188,3.4459
51.709,-0.50395,11.032,3.1054
51.739,0.34051,11.754,3.0646
51.769,0.65378,13.525,3.2144
51.799,0.081722,15.595,1.9886
51.829,0.10896,14.942,-0.23155
51.859,-0.50395,11.727,-1.0351
51.889,-1.8796,9.6977,-1.2258
51.919,-2.8739,9.2346,-0.19068
51.949,-2.6832,9.1937,2.0294
51.979,-0.040861,7.8862,3.0646
52.009,2.0703,5.8567,1.7979
52.039,2.7649,4.3994,-0.081722
52.069,0.88532,4.9442,-0.50395
52.099,-0.57205,5.7886,0.19068
52.129,-1.4165,6.9736,1.7979
52.159,-1.3757,7.8181,3.2961
52.189,-0.57205,8.9622,2.5334
52.219,-0.19068,9.6977,1.757
52.249,0.040861,10.951,2.2201
52.279,-0.34051,11.836,2.5606
52.309,-0.46309,12.83,3.5685
52.339,0.23155,15.214,2.4517
52.369,0.61292,14.519,1.3348
52.399,0.84446,12.531,-0.38137
52.429,2.4925,11.305,-1.6481
52.459,4.0997,10.46,-0.61292
52.489,3.9499,9.3027,0.31327
52.519,2.1112,8.54,0.76274
52.549,0.10896,7.355,0.95342
52.579,-1.185,5.9793,1.076
52.609,-1.3348,4.8625,0.92618
52.639,-0.19068,4.6037,1.0351
52.669,1.2258,5.2438,0.95342
52.699,2.3699,6.2109,1.1441
52.729,2.6832,7.3141,1.9886
52.759,1.4574,9.2346,2.8739
52.789,-0.081722,10.079,2.9556
52.819,-0.61292,10.311,2.6423
52.849,0.38137,10.61,2.6423
52.879,1.2667,11.346,3.2553
52.909,0.53119,13.334,2.9556
52.949,-0.34051,14.901,1.7298
52.979,-0.19068,13.293,-0.23155
53.009,-1.2667,11.305,-1.2258
53.039,-2.7513,9.8475,-0.99429
53.069,-3.4051,9.2346,0.38137
53.099,-2.1112,8.8124,2.1112
53.129,0.8036,7.246,2.3699
53.159,2.2201,5.598,0.88532
53.189,1.4165,4.9442,-0.46309
53.219,-0.19068,5.2847,-0.42223
53.249,-1.3076,6.0883,0.99429
53.279,-1.4574,7.1643,2.9556
53.309,-1.185,7.9679,2.7922
53.339,-0.8036,9.0848,1.4165
53.369,-0.14982,10.379,1.5391
53.399,-0.14982,11.605,1.8796
53.429,-0.23155,12.027,2.6832
53.459,0.23155,14.097,2.6015
53.489,0.23155,15.663,1.8796
53.519,0.61292,13.593,0.081722
53.55,1.9886,12.149,-2.3018
53.579,3.7184,11.032,-1.7298
53.609,3.909,9.5342,-0.14982
53.639,2.3699,8.5808,0.65378
53.669,0.65378,7.6955,0.8036
53.699,-0.72188,6.4424,1.0351
53.729,-1.185,5.2166,1.076
53.759,-0.38137,4.7126,0.69464
53.789,0.92618,5.094,0.65378
53.827,2.0294,6.0474,0.76274
53.859,2.4925,7.5048,1.9477
53.889,1.4982,8.9622,2.833
53.919,0.040861,9.8884,2.8739
53.949,-0.50395,10.501,2.4925
53.98,0.76274,10.883,2.6832
54.009,1.3757,12.027,2.9829
54.059,0.42223,14.288,2.4108
54.089,-0.081722,13.988,0
54.127,-0.95342,11.564,-1.3348
54.159,-2.7513,9.7249,-1.2258
54.189,-3.8273,10.038,0.23155
54.219,-2.3018,9.3436,2.3699
54.254,0.99429,7.5865,2.7922
54.289,2.5334,5.3664,0.46309
54.319,0.61292,4.9033,-1.1169
54.354,-0.8036,5.3664,-0.23155
54.389,-1.2258,6.5922,2.4517
54.419,-0.46309,7.246,3.1054
54.449,-0.081722,8.4719,1.1441
54.479,0.31327,10.12,0.88532
54.589,-0.23155,12.953,-0.57205
54.619,-1.9886,9.7249,-0.72188
54.649,-2.8739,9.5751,0.53119
54.679,-2.0294,9.2755,2.3699
54.709,0.46309,7.7364,2.6015
54.739,2.0294,5.8567,0.8036
54.769,2.152,4.6037,-0.65378
54.799,0.27241,4.9033,-0.23155
54.829,-1.2667,5.6252,1.2258
54.859,-1.4165,6.6331,2.9556
54.889,-0.8036,7.8181,2.4517
54.919,-0.38137,9.7249,1.0351
54.949,-0.040861,10.992,1.3348
54.979,-0.081722,11.645,2.5334
55.009,-0.65378,12.108,3.337
55.039,-0.23155,14.288,3.2553
55.069,-0.081722,15.282,2.2201
55.099,0.19068,13.525,-0.29965
55.129,1.8387,11.795,-1.6889
55.159,3.3778,10.992,-0.46309
55.189,3.5277,9.5342,0.92618
55.219,1.9477,8.431,1.3348
55.249,-0.46309,7.4367,1.3076
55.279,-2.1384,6.279,1.1169
55.309,-2.1384,5.2438,0.92618
55.339,-0.91256,4.6309,0.88532
55.369,0.57205,4.7126,0.65378
55.399,2.1112,5.7069,0.84446
55.429,2.3699,7.4367,1.9205
55.469,1.6072,9.6977,2.6423
55.499,-0.040861,10.883,2.7649
55.529,-0.040861,10.42,2.6015
55.559,0.95342,10.76,3.4051
55.589,0.14982,12.64,3.4868
55.619,-0.91256,14.792,2.261
55.649,-0.91256,14.601,0.38137
55.679,-1.6889,12.367,-0.53119
55.71,-2.8739,10.76,-0.95342
55.739,-3.4051,10.76,-0.72188
55.769,-2.1112,10.338,0.53119
55.799,1.076,8.3084,1.7298
55.829,2.833,5.9385,1.185
55.859,2.4108,4.2087,-0.040861
55.889,0,4.1814,0
55.919,-1.3076,5.0123,1.0351
55.949,-1.3757,6.0883,1.9477
55.979,-0.53119,6.7829,2.0703
56.009,0.040861,8.1586,1.3076
56.039,0.040861,10.229,0.95342
56.069,-0.23155,12.068,1.5663
56.099,-0.65378,13.144,2.9829
56.129,-0.040861,15.282,2.7922
56.159,1.4165,16.467,0.27241
56.189,2.6423,14.669,-1.7298
56.219,4.6037,12.408,-2.7513
56.249,5.9793,10.842,-1.9886
56.279,5.0531,9.3027,-0.42223
56.309,1.9205,8.6217,0.99429
56.339,-0.34051,7.5048,1.4982
56.369,-0.91256,5.8295,1.2258
56.399,-0.29965,4.522,0.88532
56.429,0.65378,3.9908,0.65378
56.459,1.7979,4.4811,0.31327
56.489,2.261,5.4345,0.53119
56.519,1.8387,6.5922,1.9477
56.559,1.757,8.6625,2.9148
56.589,0.50395,11.141,2.9148
56.619,-0.14982,11.564,2.8739
56.649,0.99429,11.073,2.9556
56.679,1.5391,12.027,3.2144
56.709,0.57205,13.825,3.1735
56.739,-0.19068,14.751,1.7298
56.769,-0.38137,13.825,-0.50395
56.8,-1.2258,11.605,-1.6481
56.83,-2.3018,10.12,-1.6072
56.859,-3.1054,9.8884,-0.19068
56.889,-1.9477,8.9213,2.0703
56.919,0.92618,6.851,2.5334
56.959,2.7241,4.3721,0.23155
56.989,1.1441,3.8682,-1.1169
57.019,-0.72188,4.8625,0
57.049,-1.3757,6.5514,1.6889
57.079,-1.4165,8.0496,2.6832
57.109,-0.8036,9.3027,1.8796
57.139,0.081722,10.311,1.076
57.169,0.84446,10.842,1.6072
57.199,0.38137,11.877,2.3699
57.229,-0.61292,13.375,3.0646
57.259,-0.19068,15.432,1.6481
57.289,0.8036,14.942,-0.19068
57.319,1.4165,13.103,-0.99429
57.349,2.9829,12.108,-2.1112
57.379,4.6309,10.379,-1.6889
57.409,4.3313,8.4991,-0.14982
57.439,2.3427,7.7772,0.76274
57.469,-0.23155,7.0826,1.076
57.499,-1.4574,5.8976,0.99429
57.529,-1.0351,4.9442,0.88532
57.559,0.31327,4.9442,0.72188
57.589,1.5391,5.4073,0.72188
57.619,2.152,6.3198,1.4165
57.649,1.757,7.464,2.4108
57.679,0.76274,9.0848,2.4517
57.709,-0.65378,10.311,2.4517
57.739,-0.76274,10.76,2.4517
57.769,0.19068,11.141,2.5334
57.799,0.34051,12.953,2.7649
57.829,-0.65378,15.023,1.9886
57.859,-1.2258,15.473,0.31327
57.889,-0.99429,13.634,-0.88532
57.919,-1.6481,10.924,-1.0351
57.949,-2.4517,9.112,-0.95342
57.979,-2.6423,8.7306,0.10896
58.009,-0.53119,7.7772,1.4165
58.039,1.7979,6.0474,1.2667
58.069,1.757,4.522,0.38137
58.099,0.31327,4.4402,-0.34051
58.129,-0.95342,5.3664,0
58.159,-2.1112,6.7421,1.1169
58.189,-2.6832,8.2403,2.4925
58.219,-1.8387,8.9622,2.6015
58.249,-0.19068,8.3493,2.3427
58.279,0.99429,9.507,2.9556
58.309,0.42223,11.918,3.337
58.339,-0.84446,13.716,3.1735
58.369,-0.38137,14.792,1.185
58.399,0.84446,14.247,0.46309
58.429,0.88532,12.572,0.46309
58.459,1.9205,12.027,-1.3348
58.489,3.6366,12.068,-1.4982
58.519,4.522,10.147,-0.61292
58.549,3.2553,8.4719,-0.29965
58.579,0.50395,7.5457,0.040861
58.609,-1.185,6.1292,0.95342
58.639,-1.185,4.7535,1.3076
58.669,-0.040861,4.1814,0.99429
58.699,1.4574,4.2087,0.42223
58.729,2.4517,5.5162,0.8036
58.759,1.9477,7.5457,2.5606
58.789,0.53119,9.1937,3.4459
58.819,-1.0351,11.073,2.152
58.849,-1.1441,11.986,1.2667
58.879,0.69464,11.414,1.9205
58.909,2.261,11.223,3.0646
58.939,1.4574,12.83,3.2961
58.969,-0.57205,14.56,1.3757
58.999,-1.4165,14.792,-0.99429
59.029,-2.1384,12.572,-1.8387
59.059,-2.3427,10.924,-2.2201
59.089,-2.3699,10.529,-0.8036
59.119,-1.0351,8.8941,1.3757
59.149,0.84446,6.5922,2.4517
59.179,1.6889,4.4811,1.9886
59.209,1.185,3.4051,0.57205
59.239,-0.19068,4.1406,-0.34051
59.269,-1.076,5.7478,0.38137
59.299,-0.95342,7.0145,1.7298
59.329,-0.53119,8.2403,2.4925
59.359,-0.76274,10.529,2.0294
59.389,-0.27241,12.449,1.9886
59.419,-0.040861,12.367,2.6423
59.449,0.10896,13.212,3.2961
59.479,0.57205,16.018,1.7298
59.509,0.57205,15.173,0.23155
59.539,1.9205,12.599,-2.0294
59.569,3.5277,10.883,-2.5334
59.599,4.3994,9.616,-0.8036
59.629,3.0646,8.431,0.69464
59.659,0.46309,7.6274,0.99429
59.689,-1.3076,6.17,1.076
59.719,-1.8796,4.9033,1.0351
59.749,-0.84446,4.2495,0.88532
59.779,0.69464,4.3313,0.72188
59.809,2.0294,5.0531,0.53119
59.839,2.5334,6.4016,1.076
59.869,1.8796,8.4991,2.4108
59.899,0.72188,10.801,3.4868
59.929,-0.50395,12.108,3.1735
59.959,0.27241,11.795,2.6423
59.989,1.5391,12.217,2.9148
60.019,0.61292,14.206,2.9148
60.049,-0.53119,15.091,1.757
60.079,-0.65378,13.797,-0.95342
60.109,-1.3348,11.496,-2.0294
60.139,-2.7922,10.311,-1.4165
60.169,-3.4868,9.9565,0.14982
60.199,-1.3348,8.54,1.8796
60.229,1.8796,6.5514,1.5391
60.259,3.3778,4.7535,0
60.289,1.9886,3.9499,-0.72188
60.319,-0.53119,4.2495,0.23155
60.349,-1.3757,5.0531,1.4574
60.379,-1.2667,6.4016,2.9148
60.409,-0.65378,8.3084,2.5334
60.439,-0.53119,11.141,1.4574
60.469,0.14982,12.64,1.5663
60.499,0.23155,12.108,2.0294
60.529,-0.23155,12.34,2.6423
60.559,0.95342,14.86,2.261
60.589,0.84446,15.214,0.8036
60.619,0.84446,13.144,-1.0351
60.649,2.4517,11.373,-1.8796
60.679,4.2087,10.842,-1.076
60.709,4.2087,9.9565,0.57205
60.739,1.5663,9.003,1.2667
60.769,-1.1169,7.2052,1.2258
60.799,-2.3018,5.3256,1.0351
60.829,-1.6072,4.2087,1.0351
60.859,0.27241,3.9908,0.99429
60.889,1.7979,4.6718,0.46309
60.919,2.6015,5.7886,0.69464
60.949,2.0703,7.5048,2.3427
60.979,0.61292,9.7658,2.9829
61.009,-0.65378,11.114,2.9148
61.039,-0.19068,11.305,2.9556
61.069,0.95342,11.373,3.2144
61.099,0.57205,13.103,3.6366
61.13,-0.53119,14.819,3.2553
61.159,-0.42223,15.091,0.50395
61.282,0.34051,12.027,2.833
61.339,-0.57205,14.288,2.8739
61.379,-0.29965,13.947,-1.1441
61.419,-1.8796,11.264,-2.7513
61.449,-3.2144,10.883,-1.1441
61.479,-2.3699,9.8884,1.3757
61.509,0.10896,7.8862,2.6015
61.539,1.8387,5.7478,1.9205
61.569,2.4925,3.7865,0.31327
61.599,1.3348,3.9908,-1.185
61.629,-0.50395,4.8216,-0.88532
61.659,-1.5255,5.8295,1.3076
61.689,-1.6889,7.2052,3.1463
61.719,-0.95342,9.0848,2.5606
61.749,-0.42223,10.992,1.4574
61.779,0.081722,12.217,1.8387
61.819,-0.50395,12.408,2.9148
61.849,0,14.438,2.9829
61.879,0.65378,15.091,1.076
61.909,0.69464,13.484,-0.69464
61.939,1.7979,12.108,-1.7298
61.969,3.4868,11.141,-1.6481
61.999,4.0997,9.507,-0.57205
62.029,2.4925,8.431,0.76274
62.059,0.19068,7.464,1.4574
62.089,-1.3076,6.0474,1.5391
62.119,-1.7298,4.9442,1.3348
62.149,-0.69464,4.4811,0.95342
62.179,0.69464,5.1757,0.42223
62.209,1.4165,5.6252,0.69464
62.239,1.6072,6.5514,1.9477
62.269,1.185,8.5808,3.0646
62.299,-0.53119,10.188,3.4051
62.376,-1.6072,11.223,3.0646
62.419,-0.040861,13.184,2.8739
62.449,-0.88532,15.173,1.2258
62.479,-0.42223,14.329,-0.53119
62.509,-1.4982,11.877,-1.7298
62.539,-3.0237,11.114,-2.3699
62.569,-3.8682,11.182,-1.3076
62.599,-2.5606,9.7249,1.185
62.629,0.14982,7.8589,2.4108
62.659,1.757,5.8295,1.8387
62.689,2.1112,4.3313,0.38137
62.719,0.8036,4.4811,-0.84446
62.749,-1.0351,4.9442,-0.65378
62.779,-1.9205,5.7069,1.1441
62.809,-1.1169,7.0553,2.9829
62.839,-0.53119,9.4661,2.9829
62.869,-0.91256,11.686,1.7298
62.899,-0.84446,12.299,1.185
62.929,-0.65378,11.918,2.2201
62.959,-0.19068,14.056,2.0703
62.989,-0.081722,14.942,1.4165
63.019,0.88532,13.757,-0.65378
63.049,2.2201,12.49,-2.4517
63.079,3.337,11.305,-1.6481
63.109,3.2144,9.5342,-0.14982
63.139,1.7298,8.6625,0.69464
63.169,0.040861,7.5048,1.0351
63.2,-1.1441,6.0474,1.1169
63.239,-1.185,4.9033,0.95342
63.269,0.10896,4.4811,0.34051
63.299,1.076,5.1349,0.27241
63.329,1.5391,6.3198,1.2258
63.359,1.3348,8.0088,2.5606
63.389,0.23155,10.038,2.9556
63.419,-0.99429,11.114,2.7241
63.449,-0.88532,10.924,2.6015
63.479,0.14982,10.733,2.8739
63.509,0.10896,12.149,2.9829
63.539,-0.8036,14.138,2.7241
63.569,-0.50395,14.247,1.3348
63.599,0.19068,12.299,-0.88532
63.629,-0.91256,10.501,-1.7298
63.659,-2.5606,9.8475,-1.4165
63.689,-3.7592,10.079,-0.38137
63.719,-2.4925,9.3027,1.4165
63.749,0.14982,7.8181,2.0294
63.779,1.3348,6.1292,1.4165
63.809,1.2667,4.9033,0.42223
63.839,0.14982,5.2166,-0.19068
63.869,-1.185,5.9793,0.42223
63.899,-1.9886,6.6331,1.7979
63.929,-1.4574,7.4367,2.6015
63.959,-0.38137,9.1529,1.757
63.989,-0.14982,11.455,1.3348
64.019,-0.38137,12.912,1.6889
64.049,-0.72188,12.599,2.6423
64.079,0.19068,13.716,2.9829
64.109,0.31327,14.71,1.7298
64.139,-0.76274,13.757,0.65378
64.169,0.10896,11.754,-0.91256
64.199,1.6481,10.46,-2.0294
64.229,3.2961,9.5342,-1.8387
64.259,3.9908,8.6625,-0.61292
64.289,2.0703,7.6955,0.76274
64.319,-0.38137,6.5105,1.8796
64.349,-1.6481,5.5162,2.2201
64.379,-1.185,5.2847,1.5663
64.409,0.31327,5.8976,0.61292
64.439,1.4574,6.4016,0.57205
64.469,1.6481,7.0145,1.185
64.499,1.0351,8.1177,2.1112
64.529,0.081722,9.616,2.6832
64.559,-0.84446,11.141,2.9148
64.589,-0.50395,11.182,3.0646
64.619,0.38137,11.305,2.8739
64.649,0.10896,13.212,2.3699
64.679,-0.57205,14.942,2.0703
64.709,-0.46309,14.819,0.72188
64.739,-0.38137,11.836,-1.2258
64.769,-1.4165,9.7249,-2.261
64.799,-2.833,9.3027,-1.6072
64.829,-2.9829,9.1529,0.10896
64.859,-1.3076,7.8589,1.757
64.889,0.50395,6.5922,2.152
64.919,1.2258,5.5571,1.2667
64.949,1.0351,5.3256,-0.19068
64.979,-0.10896,6.0883,-1.0351
65.009,-1.2258,6.7421,-0.040861
65.039,-1.8796,7.355,1.8796
65.069,-1.076,8.3901,3.0646
65.099,-0.040861,10.379,2.3018
65.129,0.23155,12.217,1.2667
65.159,-0.38137,12.149,1.6889
65.189,-0.42223,12.912,2.6832
65.219,0.040861,15.132,1.8796
65.249,-0.46309,14.519,0.95342
65.279,0.61292,12.83,-0.95342
65.309,2.261,11.605,-2.9148
65.339,3.7592,9.9565,-2.0294
65.369,3.5958,8.4719,0
65.399,1.6481,7.8862,1.076
65.429,-0.65378,7.0553,1.3757
65.459,-1.5663,5.7069,1.1441
65.489,-0.88532,4.7535,0.34051
65.519,0.42223,4.9033,-0.14982
65.549,1.3348,5.4073,0.31327
65.579,1.6481,6.0883,1.4574
65.609,1.076,7.7364,2.4517
65.639,0.10896,9.6977,2.6832
65.669,-1.2667,11.455,2.7241
65.699,-1.4574,11.877,2.1793
65.749,-0.081722,11.645,1.9477
65.78,-0.46309,14.015,1.6481
65.818,-0.88532,15.241,0.19068
65.85,-0.99429,12.34,-2.3018
65.889,-1.9205,10.338,-2.6015
65.919,-3.2553,9.9565,-1.5255
65.949,-2.5606,9.4661,0.76274
65.979,-0.23155,7.7772,2.2201
66.009,1.1169,5.8567,1.5391
66.039,0.92618,4.4811,-0.23155
66.069,-0.38137,4.7944,-1.1441
66.099,-1.3757,5.4345,-0.23155
66.129,-1.757,6.2381,1.2258
66.159,-1.3076,6.8238,2.5606
66.189,-0.84446,8.54,2.4925
66.219,-0.72188,10.924,1.6481
66.249,-0.19068,12.299,1.2258
66.279,-0.46309,11.959,1.4165
66.309,-0.38137,13.334,1.9477
66.339,-0.38137,15.595,1.185
66.369,-0.72188,14.478,0.46309
66.399,0.95342,12.871,-1.4165
66.429,2.2201,12.068,-3.0646
66.459,3.337,10.229,-2.3018
66.489,3.0237,8.54,-0.84446
66.519,1.4574,7.5865,0.46309
66.549,-0.42223,6.5922,1.3757
66.579,-1.6481,5.4754,1.3348
66.609,-1.3348,4.985,0.50395
66.639,0.10896,5.4345,-0.27241
66.669,0.53119,5.9385,0.61292
66.699,1.076,6.7421,1.7979
66.729,1.1441,7.8589,2.4925
66.769,0.10896,9.507,2.833
66.799,-1.0351,10.924,2.6423
66.829,-0.88532,11.373,2.3699
66.859,-0.14982,12.108,2.6832
66.889,-1.0351,13.866,2.4108
66.919,-2.4108,14.601,1.076
66.949,-2.1384,13.675,-1.076
66.979,-2.3699,11.645,-1.9205
67.009,-3.1735,10.529,-2.0703
67.039,-3.2144,10.27,-1.0351
67.069,-1.5255,9.4661,1.076
67.099,0.88532,7.6955,2.152
67.129,1.7979,5.4754,1.1441
67.159,1.185,4.1814,-0.27241
67.189,-0.34051,4.4811,-0.88532
67.219,-1.8796,5.094,0.14982
67.249,-2.3427,6.2381,2.3018
67.279,-1.4165,7.4367,2.7922
67.309,-1.076,9.2346,1.7979
67.339,-0.46309,11.496,1.3348
67.369,0.081722,12.599,1.757
67.399,-0.57205,12.367,2.4517
67.429,-0.34051,13.593,2.7241
67.459,0.19068,15.323,1.8387
67.489,0.14982,13.947,-0.46309
67.519,0.84446,11.918,-1.8796
67.549,2.3427,10.992,-2.3427
67.579,3.7184,9.9973,-1.2667
67.609,3.1463,8.3493,0.10896
67.639,0.76274,7.9679,0.57205
67.669,-1.2667,7.2052,0.95342
67.699,-1.6481,5.8976,1.2258
67.729,-0.69464,5.1349,0.92618
67.759,0.76274,5.2166,0.76274
67.789,1.757,5.8976,0.72188
67.819,1.9205,6.7829,1.3757
67.881,1.5391,7.8589,2.3699
67.919,-0.14982,9.0439,2.9829
67.949,-1.076,11.032,2.833
67.979,0.14982,11.836,2.8739
68.009,0.69464,12.572,3.4868
68.039,-0.34051,14.097,3.4459
68.069,-0.72188,14.982,1.9477
68.099,-0.65378,14.329,-0.72188
68.129,-1.6889,11.686,-1.185
68.159,-3.1463,9.4253,-0.50395
68.189,-3.7184,8.6898,0.84446
68.219,-1.2258,8.0496,2.1112
68.249,1.6072,6.5514,1.8387
68.287,1.9477,5.0531,0.19068
68.319,-0.10896,4.4402,-0.040861
68.349,-1.1441,4.5628,0.88532
68.379,-1.4982,5.4345,2.3699
68.409,-0.99429,6.7829,2.5606
68.439,-0.19068,8.7306,1.7979
68.469,0.040861,10.569,1.6889
68.499,-0.081722,12.068,1.4165
68.529,-0.65378,12.449,1.7979
68.559,-0.61292,13.906,3.1054
68.589,0.34051,15.282,2.2201
68.619,0.14982,14.901,0.10896
68.649,0.99429,13.293,-1.8796
68.679,3.2144,12.027,-1.9886
68.709,4.3721,9.9973,-0.72188
68.739,2.9556,8.4719,0.65378
68.769,0.8036,7.6683,1.5663
68.799,-1.3076,6.5105,1.5391
68.829,-2.3018,4.985,0.72188
68.869,-1.1169,3.7865,0.31327
68.899,0.61292,4.0589,0.99429
68.929,1.0351,5.5571,1.6481
68.959,0.92618,7.5865,2.4108
68.989,0.31327,9.9156,2.833
69.019,-0.61292,11.877,2.9556
69.05,-0.69464,12.762,2.5606
69.079,0.31327,11.918,3.1054
69.109,0.081722,13.062,3.7592
69.139,-1.185,14.369,2.7922
69.169,-0.69464,14.056,-0.040861
69.199,-1.0351,11.918,-1.2667
69.229,-2.9148,10.079,-0.46309
69.259,-4.018,9.003,0.46309
69.289,-3.0237,8.3493,1.2258
69.319,-0.29965,7.0826,1.6889
69.349,1.6889,5.5162,0.99429
69.38,1.7979,4.6037,-0.040861
69.409,0.081722,4.5628,0.31327
69.439,-1.0351,5.2438,1.1441
69.469,-1.3076,6.5514,2.4925
69.499,-0.99429,7.6274,2.9829
69.529,-0.46309,8.8941,1.4574
69.559,0.10896,10.569,0.69464
69.589,0.34051,12.49,1.4165
69.619,-0.34051,13.402,2.7649
69.649,-0.29965,15.214,3.337
69.679,0.19068,15.786,2.0703
69.709,1.1169,13.947,-0.57205
69.739,2.3427,12.408,-1.757
69.769,4.018,10.924,-1.1169
69.799,4.4811,8.6625,-0.19068
69.829,2.9829,7.6955,0.61292
69.859,0.72188,7.246,0.99429
69.889,-1.1169,5.9385,1.0351
69.919,-1.4982,4.7535,0.8036
69.949,-0.42223,4.3994,0.72188
69.979,0.95342,5.2847,1.2258
70.009,1.8387,6.279,1.8387
70.039,1.5663,7.355,1.757
70.069,0.76274,9.2755,2.3427
70.099,-0.23155,10.76,3.2961
70.129,-0.38137,10.951,2.7922
70.159,0.46309,10.692,2.3699
70.189,0.72188,12.217,3.4868
70.219,-0.50395,14.478,3.6366
70.249,-0.76274,14.669,1.4165
70.279,0,12.177,-0.42223
70.309,-0.57205,9.9565,-1.3348
70.339,-1.6481,8.9622,-1.3348
70.369,-2.3018,9.1529,0.081722
70.399,-1.2258,8.4991,1.9886
70.429,0.61292,7.0826,2.7241
70.459,1.5391,5.5571,2.152
70.489,1.0351,4.7535,1.185
70.519,-0.53119,5.8295,0.69464
70.549,-1.9477,7.0826,1.1441
70.579,-1.9886,7.6955,2.2201
70.609,-0.29965,8.3084,2.5334
70.639,0.38137,9.3027,2.1793
70.669,0.53119,10.529,1.757
70.699,0.27241,11.795,1.5391
70.729,-0.23155,12.149,3.4051
70.759,1.4574,14.478,3.6775
70.789,1.1169,16.167,0.53119
70.819,0.69464,13.184,-1.1169
70.849,2.4925,10.951,-2.3018
70.879,4.3721,11.114,-2.2201
70.909,4.8216,9.4661,0.23155
70.939,2.5334,8.0088,1.3076
70.969,-1.0351,7.0826,1.0351
70.999,-3.1054,5.7069,1.0351
71.029,-2.1793,4.7944,1.3076
71.059,-0.040861,4.8216,1.0351
71.089,1.4982,5.5571,0.8036
71.119,2.4108,5.9385,0.99429
71.149,2.152,6.6331,1.4982
71.179,0.8036,8.7306,2.3018
71.209,-0.53119,10.924,3.1735
71.239,-0.91256,11.986,3.2553
71.269,-0.040861,12.149,3.2553
71.299,0.31327,13.375,2.9829
71.329,-0.8036,15.132,2.5606
71.359,-0.8036,14.751,1.076
71.389,-0.14982,11.605,-1.076
71.429,-0.69464,9.5751,-2.1384
71.459,-1.9886,9.3436,-1.7298
71.489,-2.0294,9.4253,0.65378
71.519,0.14982,7.8862,2.7241
71.549,2.2201,5.7069,2.6423
71.579,2.152,4.1814,0.99429
71.609,0.19068,4.6309,-0.53119
71.639,-1.6481,5.6661,0.19068
71.669,-1.8387,7.0553,2.4108
71.699,-0.72188,8.6217,2.6832
71.729,0.081722,10.147,0.53119
71.759,0.50395,10.733,1.076
71.789,0.23155,11.564,2.3018
71.827,0.14982,12.953,2.7922
71.859,1.3076,15.432,1.2258
71.889,1.6072,14.669,-0.8036
71.919,2.3018,12.572,-1.5255
71.949,3.8682,11.264,-1.7979
71.979,4.5628,9.3844,-0.91256
72.009,3.5685,8.2812,0.081722
72.039,1.8387,8.1177,0.8036
72.069,0.31327,7.0826,1.4574
72.099,-0.72188,5.4754,1.5391
72.129,-0.8036,4.2495,0.99429
72.159,0.34051,4.4811,0.46309
72.189,1.4574,5.3256,1.0351
72.219,1.8796,6.0474,2.1112
72.249,1.2258,7.3141,2.7649
72.279,0.27241,9.3436,3.0646
72.309,-0.040861,11.032,2.9829
72.339,0.88532,10.992,2.6423
72.369,1.1169,12.027,2.5334
72.399,-0.42223,14.819,2.4517
72.429,-1.2258,16.63,1.5391
72.459,-1.3348,15.514,-0.57205
72.489,-1.9477,12.599,-1.185
72.519,-2.3699,9.9973,-0.29965
72.549,-2.1384,8.8532,0.10896
72.579,-1.4165,8.431,0.92618
72.609,0.34051,7.355,1.7979
72.639,1.8387,5.598,1.5663
72.669,1.6481,4.2495,-0.10896
72.699,-0.14982,4.3313,-1.3076
72.729,-1.076,5.0123,0.081722
72.759,-1.4165,6.1292,2.0294
72.789,-1.2258,7.2733,3.0237
72.819,-0.65378,9.003,2.7922
72.849,-0.19068,11.032,2.261
72.879,0.34051,12.449,2.0703
72.929,0.081722,12.449,2.7922
72.959,0.61292,14.901,2.0703
72.989,0.27241,14.71,-0.27241
73.019,0.31327,13.103,-0.69464
73.049,1.6072,12.449,-1.8387
73.079,3.8273,11.605,-2.4517
73.109,5.0123,9.5751,-1.185
73.139,2.9829,8.54,0.081722
73.169,0.040861,7.7772,1.1441
73.199,-1.6889,6.2109,2.152
73.229,-1.6889,4.6309,1.8796
73.259,-0.42223,4.1406,0.8036
73.289,0.92618,4.6718,0.19068
73.319,1.7979,5.1757,0.31327
73.349,1.6072,6.17,1.3076
73.379,1.2258,8.1177,2.6832
73.409,0.23155,10.569,4.0997
73.449,-0.95342,12.149,3.9499
73.479,0.19068,10.924,2.4925
73.509,0.69464,12.177,3.1463
73.539,-0.081722,14.56,3.0237
73.569,-0.14982,15.827,0.8036
73.599,-0.72188,13.634,-1.1441
73.629,-2.6015,11.346,-2.0703
73.659,-3.7184,10.529,-1.4574
73.689,-3.0237,9.9565,0.34051
73.719,-0.42223,8.5808,2.1793
73.749,1.5663,6.7829,2.6015
73.779,2.5334,4.5628,0.99429
73.809,1.3348,3.6366,-0.95342
73.839,-0.65378,4.3313,-1.2258
73.869,-1.2258,5.4345,0.50395
73.899,-0.95342,6.3198,2.1793
73.929,-0.57205,7.8589,2.5606
73.959,-0.42223,9.112,1.9886
73.989,-0.27241,10.42,1.2667
74.019,-0.040861,12.068,0.61292
74.049,-0.50395,12.367,1.5663
74.079,-0.27241,13.525,2.3699
74.109,0.46309,14.792,0.42223
74.139,0.34051,13.797,-1.1169
74.179,1.3076,12.258,-3.1054
74.209,3.9499,11.754,-3.5277
74.239,4.985,11.032,-1.5255
74.27,3.6366,9.7658,-0.50395
74.299,0.50395,8.4719,0.46309
74.329,-2.0703,6.8238,1.5391
74.359,-1.9886,5.2166,1.2258
74.389,-0.23155,4.5628,0.34051
74.419,1.3757,4.9033,-0.29965
74.449,1.8796,5.2166,-0.29965
74.479,1.6481,5.8295,0.76274
74.509,0.95342,7.246,2.1112
74.539,0.040861,9.507,2.8739
74.569,-0.57205,11.877,2.3699
74.599,-0.19068,12.149,1.8387
74.629,0.040861,12.79,2.4108
74.659,-1.0351,15.405,2.5606
74.689,-0.72188,16.086,0.38137
74.719,-0.42223,13.375,-2.833
74.749,-1.9477,11.605,-3.4051
74.779,-3.1463,10.951,-1.9477
74.809,-3.1735,10.501,0.61292
74.839,-0.72188,8.7306,2.5606
74.869,1.9886,6.3607,1.7298
74.899,3.1735,4.1406,-0.53119
74.929,1.4982,3.3778,-1.7979
74.959,-0.69464,4.2087,-0.38137
74.989,-1.3348,5.2847,2.0703
75.019,-1.3757,6.3198,2.9556
75.049,-0.91256,7.8589,1.8796
75.079,-0.38137,10.188,0.53119
75.109,0,11.877,0.84446
75.139,0,12.599,2.3018
75.169,-0.10896,13.212,3.5685
75.199,0.76274,15.704,1.6072
75.229,1.185,16.208,-0.88532
75.259,1.8387,14.369,-1.757
75.289,3.2553,11.877,-2.1793
75.319,4.2087,10.379,-1.0351
75.349,3.2553,8.6625,0.42223
75.387,0.46309,7.3141,0.69464
75.419,-2.4517,5.8567,0.65378
75.449,-2.1793,4.7126,0.95342
75.479,-0.50395,4.1814,1.076
75.509,1.0351,4.8216,0.92618
75.539,1.9205,5.7478,0.84446
75.569,1.7298,6.8919,1.7979
75.599,0.57205,8.54,2.9556
75.629,-0.50395,9.5751,3.1735
75.659,-1.0351,10.883,3.0237
75.689,-0.27241,11.754,2.6832
75.719,0.31327,12.299,3.337
75.749,-0.8036,14.601,3.2961
75.779,-0.91256,15.405,1.6889
75.809,0.081722,13.062,-0.69464
75.839,-0.76274,10.692,-2.4108
75.869,-2.1384,10.038,-2.2201
75.899,-2.6015,10.038,0.10896
75.929,-0.84446,9.0848,2.3699
75.959,1.5663,7.2733,1.9886
75.989,2.4517,5.5162,0.23155
76.019,1.4982,4.7126,-0.65378
76.049,-0.53119,5.0123,0.27241
76.079,-1.6481,6.3198,1.7979
76.109,-1.5663,7.0826,2.6832
76.139,-0.88532,7.5457,2.152
76.169,-0.34051,8.9622,1.185
76.199,0.040861,10.42,1.757
76.229,0.10896,11.836,2.3018
76.265,-0.19068,12.108,2.5606
76.299,0.10896,14.056,2.5334
76.329,0.38137,15.214,1.3076
76.359,0.57205,13.293,-0.65378
76.389,1.9477,11.836,-2.4517
76.419,3.7592,11.346,-1.4982
76.449,4.1406,9.8884,-0.10896
76.479,2.2201,8.7306,0.65378
76.509,-0.14982,7.8181,0.8036
76.539,-1.6889,6.3607,1.076
76.57,-1.6889,5.0531,1.1441
76.599,-0.34051,4.6309,1.185
76.629,0.99429,5.2847,1.1441
76.659,1.757,6.2381,1.1169
76.689,1.6889,6.851,1.5663
76.719,1.1441,8.0088,2.152
76.749,0,9.2755,2.7241
76.779,-0.72188,10.338,3.2144
76.809,-0.27241,11.305,2.9829
76.839,0.42223,11.686,3.2144
76.879,-0.10896,13.634,3.337
76.909,-0.29965,14.86,1.9205
76.939,0.040861,13.184,-0.27241
76.969,-0.99429,11.305,-1.6072
76.999,-2.3018,10.229,-1.7298
77.047,-3.0237,9.8884,-0.53119
77.129,-0.88532,10.951,3.5958
77.159,0.69464,10.692,3.1054
77.189,1.2258,12.367,2.5334
77.219,0.38137,13.866,1.8796
77.299,0.65378,6.5922,0.99429
77.329,0.23155,5.4345,0.081722
77.359,-0.50395,5.5571,0.19068
77.389,-1.1441,6.0883,1.4574
77.419,-1.6072,6.8919,2.7241
77.449,-1.4982,8.1586,2.3427
77.479,-0.76274,9.2346,1.6072
77.509,-0.10896,9.6568,1.4982
77.539,-0.19068,10.883,1.6481
77.569,-1.2667,11.754,2.3018
77.599,-0.53119,13.566,2.7649
77.629,0.99429,15.364,1.9205
77.659,1.6481,13.797,-0.91256
77.689,2.2201,11.564,-2.3427
77.719,3.2144,10.951,-1.5663
77.749,2.7922,9.7249,-0.23155
77.779,0.88532,8.7715,0.53119
77.809,-0.61292,8.1995,0.65378
77.853,-0.99429,6.7829,0.42223
77.889,-0.10896,5.094,0.72188
77.919,0.42223,5.2847,1.1441
77.949,0.72188,6.0202,1.3348
77.979,0.8036,6.5105,1.6481
78.009,0.61292,7.927,1.9205
78.039,0.31327,9.616,2.2201
78.069,-0.040861,10.992,2.3018
78.1,-0.19068,11.346,2.261
78.129,0,11.496,2.5606
78.159,-0.61292,13.021,2.4925
78.189,-2.0703,14.41,1.4982
78.219,-1.2667,13.184,-0.34051
78.249,-0.65378,10.801,-1.1441
78.279,-1.757,9.5342,-1.1169
78.309,-2.8739,9.4253,-0.84446
78.349,-1.757,9.4661,0.19068
78.379,0.95342,8.1177,1.076
78.409,0.69464,6.5514,0.50395
78.439,-0.38137,5.6661,0.27241
78.469,-0.76274,5.7886,0.53119
78.499,-0.95342,6.5105,1.4982
78.529,-0.8036,7.0145,2.0294
78.559,-0.50395,7.6274,1.7298
78.589,-0.29965,8.54,1.4982
78.619,-0.14982,9.8884,1.6072
78.649,-0.27241,11.455,1.4982
78.679,-0.99429,12.408,1.9886
78.709,-0.50395,13.103,2.7649
78.739,0.72188,14.369,2.0703
78.769,0.99429,13.293,0.46309
78.799,1.1169,11.686,-0.91256
78.829,1.9477,11.114,-1.3757
78.859,2.6015,9.7249,-1.0351
78.889,2.3018,8.2403,-0.46309
78.919,1.4982,7.927,0.38137
78.949,1.0351,7.4367,1.185
78.979,0.65378,6.2381,1.4574
79.009,0.46309,5.5162,1.1169
79.039,0.53119,5.7069,0.72188
79.069,0.53119,6.279,0.92618
79.099,1.076,6.9328,1.2258
79.129,1.7298,7.7364,1.3076
79.159,1.4574,8.6217,1.9477
79.189,1.0351,9.9565,2.6832
79.219,0.95342,11.141,2.9556
79.249,1.4165,11.564,2.6015
79.279,1.5391,12.299,2.152
79.309,0.14982,13.375,1.7298
79.339,-1.6481,14.71,0.8036
79.369,-0.91256,13.021,-0.65378
79.399,-0.69464,10.42,-1.076
79.429,-1.1169,9.3027,-1.3348
79.459,-1.5663,8.8124,-1.2258
79.489,-1.3757,8.3901,0.38137
79.519,0.46309,7.464,2.2201
79.549,2.5606,5.6252,2.6015
79.579,2.6423,4.6718,1.1441
79.609,0.61292,5.4345,-0.91256
79.639,-0.99429,6.9736,-0.34051
79.669,-1.8387,8.4719,2.1112
79.699,-1.5663,9.4253,2.9829
79.729,-0.23155,9.8884,1.8796
79.759,0.14982,10.733,1.3757
79.789,0.10896,11.536,1.8387
79.819,0,12.408,2.9829
79.849,0.50395,14.438,2.5334
79.879,0.46309,14.628,0.8036
79.909,0.23155,12.34,-0.081722
79.939,1.3757,11.114,-1.2258
79.969,3.0237,10.501,-1.2667
79.999,4.1406,8.6625,-0.29965
80.029,2.833,7.8181,0.76274
80.059,0.50395,7.5048,1.4574
80.089,-1.1441,6.2381,1.6481
80.119,-1.4982,5.1757,1.076
80.149,-0.65378,5.2438,0.69464
80.179,0.72188,6.17,0.69464
80.209,1.6889,6.3607,1.9205
80.239,1.6481,6.8919,3.1735
80.269,0.72188,8.4991,2.9148
80.299,-0.50395,10.501,2.4108
80.329,-0.53119,11.564,2.4108
80.359,0.72188,11.496,2.833
80.389,0.69464,12.79,2.9148
80.419,-0.34051,14.601,2.6832
80.449,-0.76274,14.628,0.88532
80.479,-0.57205,11.727,-1.0351
80.509,-1.4574,9.4661,-1.4982
80.545,-2.833,8.8532,-1.185
80.579,-3.2144,9.4661,0.31327
80.609,-0.65378,8.1995,1.9477
80.639,1.1441,6.4697,2.5606
80.669,1.076,5.0123,1.5663
80.699,-0.19068,5.0123,-0.38137
80.729,-1.2258,5.7478,-0.46309
80.759,-1.7298,6.851,1.076
80.789,-1.4982,8.1586,2.9148
80.819,-0.72188,9.507,2.6423
80.849,-0.14982,11.182,1.1441
80.879,-0.081722,12.258,1.1169
80.909,-0.61292,12.34,2.9148
80.944,0.081722,14.819,2.9148
80.979,0.31327,15.05,0.53119
81.009,0.46309,12.34,-1.4165
81.039,1.7979,11.032,-1.8796
81.069,3.8273,9.9565,-0.76274
81.099,3.909,8.3084,0.27241
81.129,1.1441,7.8181,0.88532
81.159,-1.3348,6.9328,1.2258
81.189,-1.6481,5.6252,1.3076
81.219,-0.76274,5.094,1.1169
81.249,0.27241,5.2847,0.88532
81.279,1.5391,5.8976,0.69464
81.309,2.1112,6.6604,1.2258
81.339,1.7979,8.0496,2.1112
81.369,0.99429,9.6568,2.6832
81.399,0.10896,11.073,2.7241
81.429,0.10896,11.414,2.152
81.459,1.0351,11.836,2.261
81.489,1.076,13.443,2.9148
81.519,0,14.792,2.6832
81.549,-0.84446,13.797,0.23155
81.579,-1.3348,11.032,-1.1441
81.609,-2.1384,9.112,-0.95342
81.639,-3.4459,8.7306,-0.42223
81.669,-3.3642,9.0439,0.53119
81.699,-1.076,7.927,1.5391
81.729,0.65378,6.3607,2.261
81.759,0.92618,5.094,1.4165
81.789,0.27241,5.1349,-0.19068
81.819,-0.57205,5.9385,-0.29965
81.849,-1.1441,6.6331,1.1169
81.879,-1.2258,7.5457,2.4925
81.909,-0.61292,9.0439,2.3427
81.939,0.14982,11.182,1.3076
81.969,0.27241,12.871,1.1441
81.999,-0.50395,12.912,2.5606
82.029,-0.081722,14.41,2.6423
82.059,0.23155,14.56,1.3076
82.089,0,12.98,0.19068
82.119,0.61292,11.795,-1.8796
82.149,2.2201,10.924,-2.3018
82.179,3.9499,9.3027,-0.88532
82.209,3.1463,8.1586,0.50395
82.239,0.42223,7.5048,1.4982
82.269,-1.4165,6.4016,2.0703
82.299,-1.6889,5.2438,1.9205
82.329,-0.57205,4.985,0.72188
82.359,,5.4345,-0.081722
82.389,,5.8976,1.1441
82.419,,6.7012,2.4108
82.449,,8.431,2.6423
82.479,,10.569,3.0646
82.509,,11.836,2.6423
82.539,,11.686,2.261
82.569,,12.79,3.0237
82.599,,14.206,3.1054
82.629,,14.792,1.4165
82.659,,12.721,-1.1441
82.689,,10.311,-1.7298
82.719,,9.6568,-1.4165
82.749,,9.8884,-0.34051
82.779,,8.4991,1.5391
82.809,,6.5514,2.7649
82.839,,4.985,1.9205
82.869,,4.4811,-0.10896
82.899,,4.985,-1.2667
82.929,,5.8295,0
82.959,,6.9328,2.4517
82.989,,8.3084,3.0646
83.019,,10.27,1.6481
83.049,,12.177,0.92618
83.079,,12.449,2.1112
83.109,,13.484,3.4051
83.139,,15.854,2.0703
83.169,,15.214,0.19068
83.199,,12.027,-1.4982
83.229,,10.529,-2.5606
83.259,,9.6977,-1.3076
83.289,,8.3493,0.88532
83.319,,7.6683,1.757
83.349,,6.5922,1.6481
83.379,,5.4345,1.4165
83.409,,4.8625,1.076
83.439,,5.3664,0.42223
83.469,,5.9793,0.8036
83.499,,6.3198,2.152
83.529,,7.5048,2.4108
83.559,,9.8066,2.4517
83.589,,11.686,2.4925
83.619,,11.686,2.5606
83.649,,12.367,3.0646
83.679,,14.056,3.0646
83.709,,14.942,2.261
83.739,,13.757,-0.29965
83.769,,11.032,-1.185
83.799,,9.507,-1.4574
83.829,,9.507,-1.0351
83.859,,8.9213,0.65378
83.889,,7.0553,2.261
83.919,,5.4073,2.7241
83.949,,4.6309,1.3757
83.979,,5.094,-0.46309
84.009,,5.9793,-0.65378
84.039,,6.9736,1.1169
84.069,,8.2812,2.7922
84.099,,10.079,2.7922
84.129,,11.455,1.6481
84.159,,12.217,1.3757
84.189,,11.959,2.8739
84.219,,14.097,2.833
84.249,,15.323,1.6072
84.279,,13.253,-0.65378
84.309,,10.651,-2.3427
84.339,,10.229,-1.8387
84.369,,9.5751,-0.040861
84.399,,8.54,1.4165
84.429,,7.5048,1.6072
84.459,,6.2109,1.4165
84.489,,5.094,0.95342
84.519,,4.985,0.46309
84.549,,5.6252,0.53119
84.579,,6.1292,1.4574
84.609,,6.9736,2.5334
84.639,,9.112,2.6832
84.669,,11.182,2.9829
84.699,,11.918,2.4925
84.729,,11.795,2.4517
84.759,,13.021,2.7922
84.789,,13.866,2.4925
84.819,,13.797,-0.10896
84.849,,11.645,-1.2258
84.879,,10.27,-1.3757
84.909,,10.27,-0.95342
84.939,,9.8884,0.76274
84.969,,8.0088,2.5334
84.999,,6.3607,2.5334
85.029,,5.2166,0.88532
85.059,,4.9442,-0.72188
85.089,,5.4345,-0.50395
85.119,,6.0474,1.185
85.149,,6.8919,2.7241
85.179,,8.6625,2.3699
85.209,,10.147,2.0294
85.239,,11.346,2.4517
85.269,,11.564,2.7922
85.299,,11.564,3.2961
85.329,,14.288,2.4517
85.359,,13.906,2.261
85.389,,13.021,0.46309
85.419,,12.108,-1.8387
85.449,,10.842,-0.91256
85.479,,9.003,0.081722
85.509,,7.8862,0.23155
85.539,,8.0496,0.46309
85.569,,7.2052,1.1169
85.599,,6.0474,1.0351
85.629,,5.4754,0.53119
85.679,,5.7886,0.42223
85.729,,6.9736,1.8796
85.759,,8.4719,1.9886
85.789,,9.616,2.833
85.819,,10.529,2.6423
85.849,,10.76,1.9477
85.879,,11.836,2.4108
85.909,,14.179,2.6423
85.939,,14.819,2.3427
85.969,,13.184,0.040861
85.999,,11.223,-1.5255
86.029,,10.038,-1.4982
86.059,,9.4661,-0.88532
86.089,,8.8124,0.19068
86.119,,7.6274,1.4982
86.149,,6.1292,2.1112
86.179,,5.2438,1.4574
86.209,,5.6252,-0.040861
86.239,,6.2109,-0.72188
86.269,,6.7421,0.46309
86.299,,7.8181,1.9205
86.329,,9.3027,2.152
86.359,,10.338,2.152
86.389,,11.182,1.6889
86.419,,12.299,1.7979
86.449,,14.438,2.0703
86.479,,15.241,0.040861
86.509,,13.062,0.040861
86.539,,11.727,-0.76274
86.569,,11.141,-1.9886
86.599,,9.8884,-1.8387
86.629,,8.54,-1.3076
86.659,,8.2403,-0.57205
86.689,,7.2052,0.76274
86.719,,6.0474,2.1112
86.749,,5.5162,1.8796
86.779,,5.7886,0.38137
86.809,,6.3607,-0.14982
86.839,,6.5105,1.185
86.869,,7.5048,1.9886
86.899,,8.8124,2.0294
86.929,,10.147,2.5334
86.959,,11.073,2.4517
86.989,,11.414,2.3427
87.065,,13.062,2.3699
87.15,,5.6252,0.72188
87.179,,6.0883,1.3757
87.21,,6.7421,2.261
87.239,,8.7715,2.5334
87.349,,9.3027,1.3757
87.379,,9.1529,1.5391
87.409,,9.0848,1.757
87.439,,9.1937,1.7298
87.469,,9.3027,1.6889
87.499,,9.5342,1.757
87.529,,9.6568,1.7979
87.559,,9.3844,1.4982
87.589,,9.3027,1.2667
87.619,,9.3844,1.2667
87.649,,9.3436,1.4574
87.679,,9.3436,1.5663
87.709,,9.4661,1.4165
87.739,,9.5342,1.2258
87.769,,9.5342,1.3348
87.799,,9.507,1.5391
87.829,,9.3844,1.6072
87.859,,9.3027,1.4982
87.889,,9.3436,1.4574
87.953,,9.3436,1.5391
87.989,,9.5751,2.3427
88.019,,11.032,2.4517
88.049,,12.83,1.9477
88.079,,13.184,0.99429
88.109,,11.686,0.42223
88.139,,10.147,-0.29965
88.169,,9.7658,-1.0351
88.199,,10.188,-1.1169
88.239,,10.038,0.23155
88.269,,8.8941,1.3757
88.299,,8.3493,0.53119
88.329,,8.3084,-0.8036
88.359,,8.431,-1.3348
88.389,,8.6898,-1.1441
